{"val_ppv":0.2358625829219818,"epoch":14,"train_spec":0.0022389888763427734,"val_MIoU":0.11064314842224121,"val_spec":0.0022041797637939453,"train_loss":0.6426853537559509,"train_acc":0.9959948062896729,"_timestamp":1.7522631583219197e+09,"spec":0.0026447176933288574,"ppv":0.13472260534763336,"trainer/global_step":134,"dice":0.1844201683998108,"val_acc":0.994552731513977,"acc":0.9963629841804504,"_wandb":{"runtime":5888},"train_MIoU":0.1549689620733261,"val_dice":0.19924159348011017,"_step":31,"train_ppv":0.2474847286939621,"MIoU":0.10157645493745804,"_runtime":5688.49353203,"train_dice":0.2683517336845398,"val_loss":0.6315008997917175}