test/loss_total_step,step
5.283601760864258,0
5.363542079925537,1
5.859925270080566,2
5.709804534912109,3
5.719134330749512,4
5.596657752990723,5
